[{"pk": 1, "model": "contenttypes.contenttype", "fields": {"model": "logentry", "name": "log entry", "app_label": "admin"}}, {"pk": 2, "model": "contenttypes.contenttype", "fields": {"model": "permission", "name": "permission", "app_label": "auth"}}, {"pk": 3, "model": "contenttypes.contenttype", "fields": {"model": "group", "name": "group", "app_label": "auth"}}, {"pk": 4, "model": "contenttypes.contenttype", "fields": {"model": "user", "name": "user", "app_label": "auth"}}, {"pk": 5, "model": "contenttypes.contenttype", "fields": {"model": "contenttype", "name": "content type", "app_label": "contenttypes"}}, {"pk": 6, "model": "contenttypes.contenttype", "fields": {"model": "session", "name": "session", "app_label": "sessions"}}, {"pk": 7, "model": "contenttypes.contenttype", "fields": {"model": "perfiles", "name": "perfiles", "app_label": "inicio"}}, {"pk": 8, "model": "contenttypes.contenttype", "fields": {"model": "proyecto", "name": "proyecto", "app_label": "proyectos"}}, {"pk": 9, "model": "contenttypes.contenttype", "fields": {"model": "rol", "name": "rol", "app_label": "roles"}}, {"pk": 10, "model": "contenttypes.contenttype", "fields": {"model": "fase", "name": "fase", "app_label": "fases"}}, {"pk": 11, "model": "contenttypes.contenttype", "fields": {"model": "tipoitem", "name": "tipo item", "app_label": "tiposDeItem"}}, {"pk": 12, "model": "contenttypes.contenttype", "fields": {"model": "atributo", "name": "atributo", "app_label": "tiposDeItem"}}, {"pk": 13, "model": "contenttypes.contenttype", "fields": {"model": "item", "name": "item", "app_label": "items"}}, {"pk": 14, "model": "contenttypes.contenttype", "fields": {"model": "versionitem", "name": "version item", "app_label": "items"}}, {"pk": 15, "model": "contenttypes.contenttype", "fields": {"model": "archivo", "name": "archivo", "app_label": "items"}}, {"pk": 16, "model": "contenttypes.contenttype", "fields": {"model": "atributoitem", "name": "atributo item", "app_label": "items"}}, {"pk": 17, "model": "contenttypes.contenttype", "fields": {"model": "versionatributoitem", "name": "version atributo item", "app_label": "items"}}, {"pk": 18, "model": "contenttypes.contenttype", "fields": {"model": "lineabase", "name": "linea base", "app_label": "lineaBase"}}, {"pk": 19, "model": "contenttypes.contenttype", "fields": {"model": "solicitud", "name": "solicitud", "app_label": "solicitudes"}}, {"pk": 20, "model": "contenttypes.contenttype", "fields": {"model": "voto", "name": "voto", "app_label": "solicitudes"}}, {"pk": 21, "model": "contenttypes.contenttype", "fields": {"model": "itemsarevision", "name": "items a revision", "app_label": "solicitudes"}}, {"pk": "42s7pkisk6m37514hnuy9nbrj9vwk057", "model": "sessions.session", "fields": {"expire_date": "2014-11-02T22:50:37.954Z", "session_data": "MmIyNjEzOGQzMDhhNzYyOTYyOGJhM2FmYTdmY2RhZjhkMjZlYTc1ZTp7Il9hdXRoX3VzZXJfaWQiOjMsIl9hdXRoX3VzZXJfYmFja2VuZCI6ImRqYW5nby5jb250cmliLmF1dGguYmFja2VuZHMuTW9kZWxCYWNrZW5kIiwiY2FudFNvbGljaXR1ZGVzIjowfQ=="}}, {"pk": "7ewzaa2nbwer0k3fg0gtk0rxx3wj7a02", "model": "sessions.session", "fields": {"expire_date": "2014-11-02T23:53:41.637Z", "session_data": "YjA5YjQxNGU1MTQ3ZGVmZDRkMzhlMzgzZmYxODA3ODg2MzUwY2E0YTp7Il9hdXRoX3VzZXJfYmFja2VuZCI6ImRqYW5nby5jb250cmliLmF1dGguYmFja2VuZHMuTW9kZWxCYWNrZW5kIiwiX2F1dGhfdXNlcl9pZCI6M30="}}, {"pk": "9n2xa2kgcm43euz92he7nc76qzkziw9a", "model": "sessions.session", "fields": {"expire_date": "2014-11-02T21:33:22.626Z", "session_data": "MmIyNjEzOGQzMDhhNzYyOTYyOGJhM2FmYTdmY2RhZjhkMjZlYTc1ZTp7Il9hdXRoX3VzZXJfaWQiOjMsIl9hdXRoX3VzZXJfYmFja2VuZCI6ImRqYW5nby5jb250cmliLmF1dGguYmFja2VuZHMuTW9kZWxCYWNrZW5kIiwiY2FudFNvbGljaXR1ZGVzIjowfQ=="}}, {"pk": "a3feb24lp20b7phfstsovl65wo3h2cs5", "model": "sessions.session", "fields": {"expire_date": "2014-11-02T23:12:06.325Z", "session_data": "YjA5YjQxNGU1MTQ3ZGVmZDRkMzhlMzgzZmYxODA3ODg2MzUwY2E0YTp7Il9hdXRoX3VzZXJfYmFja2VuZCI6ImRqYW5nby5jb250cmliLmF1dGguYmFja2VuZHMuTW9kZWxCYWNrZW5kIiwiX2F1dGhfdXNlcl9pZCI6M30="}}, {"pk": "bfy1iocguuvmj493bh5sq0aihr0zldzt", "model": "sessions.session", "fields": {"expire_date": "2014-11-02T20:03:22.476Z", "session_data": "ZDRiYTcyMDY5YTExMzg0Y2Q4MzY1ZDZjMmVmNDM0YmRhOGQwYWI4Yzp7Il9hdXRoX3VzZXJfaWQiOjEsIl9hdXRoX3VzZXJfYmFja2VuZCI6ImRqYW5nby5jb250cmliLmF1dGguYmFja2VuZHMuTW9kZWxCYWNrZW5kIiwiY2FudFNvbGljaXR1ZGVzIjowfQ=="}}, {"pk": "ekv55yw7wteo4j40b5xs16g6tnni06fz", "model": "sessions.session", "fields": {"expire_date": "2014-10-19T22:05:14.578Z", "session_data": "YmEzYWNmNTA4ODFhYWE5OGVhMjczMzI4NDFlM2FjY2E3YjExMGZhNDp7Im5pdmVsIjowLCJfYXV0aF91c2VyX2lkIjoxLCJfYXV0aF91c2VyX2JhY2tlbmQiOiJkamFuZ28uY29udHJpYi5hdXRoLmJhY2tlbmRzLk1vZGVsQmFja2VuZCIsImNhbnRTb2xpY2l0dWRlcyI6MH0="}}, {"pk": "guvt7bot7am107akvhjw27tsj4ej5ahu", "model": "sessions.session", "fields": {"expire_date": "2014-11-02T22:35:24.742Z", "session_data": "YTUwOTVhY2U4NTc1NmEyNWVmMzNmN2ZmN2RkNTllODYyMTRkYmE3NDp7fQ=="}}, {"pk": "h40zexdkln7oqewiclnge08kwe6lvhql", "model": "sessions.session", "fields": {"expire_date": "2014-11-02T19:36:26.146Z", "session_data": "ZDRiYTcyMDY5YTExMzg0Y2Q4MzY1ZDZjMmVmNDM0YmRhOGQwYWI4Yzp7Il9hdXRoX3VzZXJfaWQiOjEsIl9hdXRoX3VzZXJfYmFja2VuZCI6ImRqYW5nby5jb250cmliLmF1dGguYmFja2VuZHMuTW9kZWxCYWNrZW5kIiwiY2FudFNvbGljaXR1ZGVzIjowfQ=="}}, {"pk": "i9y9yjtc04dk4a690stmu05aypt5060d", "model": "sessions.session", "fields": {"expire_date": "2014-11-02T22:19:20.676Z", "session_data": "YjA5YjQxNGU1MTQ3ZGVmZDRkMzhlMzgzZmYxODA3ODg2MzUwY2E0YTp7Il9hdXRoX3VzZXJfYmFja2VuZCI6ImRqYW5nby5jb250cmliLmF1dGguYmFja2VuZHMuTW9kZWxCYWNrZW5kIiwiX2F1dGhfdXNlcl9pZCI6M30="}}, {"pk": "kdy0ffa9fl2uv8m68dauppo88iaoguk1", "model": "sessions.session", "fields": {"expire_date": "2014-11-02T22:16:58.931Z", "session_data": "NzliOTQ2NzY4ZmFmZGViNTNhYmFkYTUyOTQ3MTZjODIwYmMxZTdiOTp7Il9hdXRoX3VzZXJfYmFja2VuZCI6ImRqYW5nby5jb250cmliLmF1dGguYmFja2VuZHMuTW9kZWxCYWNrZW5kIiwiX2F1dGhfdXNlcl9pZCI6MywiY2FudFNvbGljaXR1ZGVzIjowfQ=="}}, {"pk": "odibhmittxbgjhqrfnrn6vt4jlbejlar", "model": "sessions.session", "fields": {"expire_date": "2014-11-02T22:37:59.512Z", "session_data": "MmIyNjEzOGQzMDhhNzYyOTYyOGJhM2FmYTdmY2RhZjhkMjZlYTc1ZTp7Il9hdXRoX3VzZXJfaWQiOjMsIl9hdXRoX3VzZXJfYmFja2VuZCI6ImRqYW5nby5jb250cmliLmF1dGguYmFja2VuZHMuTW9kZWxCYWNrZW5kIiwiY2FudFNvbGljaXR1ZGVzIjowfQ=="}}, {"pk": "sndnjqbohqqh4c5pv2ba4m2vc793omfd", "model": "sessions.session", "fields": {"expire_date": "2014-12-04T01:03:59.457Z", "session_data": "YmEzYWNmNTA4ODFhYWE5OGVhMjczMzI4NDFlM2FjY2E3YjExMGZhNDp7Im5pdmVsIjowLCJfYXV0aF91c2VyX2lkIjoxLCJfYXV0aF91c2VyX2JhY2tlbmQiOiJkamFuZ28uY29udHJpYi5hdXRoLmJhY2tlbmRzLk1vZGVsQmFja2VuZCIsImNhbnRTb2xpY2l0dWRlcyI6MH0="}}, {"pk": "tpdrz7xiy16npgktu6mhmomvnzogd5ho", "model": "sessions.session", "fields": {"expire_date": "2014-12-04T22:00:04.837Z", "session_data": "YTUwOTVhY2U4NTc1NmEyNWVmMzNmN2ZmN2RkNTllODYyMTRkYmE3NDp7fQ=="}}, {"pk": 1, "model": "tiposDeItem.tipoitem", "fields": {"descripcion": "gddfg", "nombre": "mision", "fase": 1}}, {"pk": 2, "model": "tiposDeItem.tipoitem", "fields": {"descripcion": "sfdg", "nombre": "imposible", "fase": 1}}, {"pk": 3, "model": "tiposDeItem.tipoitem", "fields": {"descripcion": "adsfd", "nombre": "prueba", "fase": 2}}, {"pk": 4, "model": "tiposDeItem.tipoitem", "fields": {"descripcion": "gddfg", "nombre": "mision", "fase": 4}}, {"pk": 5, "model": "tiposDeItem.tipoitem", "fields": {"descripcion": "adsfd", "nombre": "prueba", "fase": 4}}, {"pk": 6, "model": "tiposDeItem.tipoitem", "fields": {"descripcion": "descripcion", "nombre": "imposible", "fase": 4}}, {"pk": 7, "model": "tiposDeItem.tipoitem", "fields": {"descripcion": "asdfasdf", "nombre": "Valor", "fase": 5}}, {"pk": 8, "model": "tiposDeItem.tipoitem", "fields": {"descripcion": "asdfasdfasd", "nombre": "tipodeitem", "fase": 6}}, {"pk": 1, "model": "tiposDeItem.atributo", "fields": {"nombre": "texto...", "valorDefecto": "6", "tipo": "TEX", "tipoItem": [2, 6]}}, {"pk": 2, "model": "tiposDeItem.atributo", "fields": {"nombre": "holaLogico", "valorDefecto": "Verdadero", "tipo": "LOG", "tipoItem": [1, 4]}}, {"pk": 3, "model": "tiposDeItem.atributo", "fields": {"nombre": "valorTexto", "valorDefecto": "ads", "tipo": "TEX", "tipoItem": [3, 5]}}, {"pk": 4, "model": "tiposDeItem.atributo", "fields": {"nombre": "Fecha", "valorDefecto": "13/02/2015", "tipo": "FEC", "tipoItem": [6]}}, {"pk": 5, "model": "tiposDeItem.atributo", "fields": {"nombre": "Anho", "valorDefecto": "2013", "tipo": "NUM", "tipoItem": [4]}}, {"pk": 6, "model": "tiposDeItem.atributo", "fields": {"nombre": "valor", "valorDefecto": "valor", "tipo": "TEX", "tipoItem": [7]}}, {"pk": 7, "model": "tiposDeItem.atributo", "fields": {"nombre": "nro", "valorDefecto": "123412", "tipo": "TEX", "tipoItem": [7]}}, {"pk": 8, "model": "tiposDeItem.atributo", "fields": {"nombre": "parrafo", "valorDefecto": "adsfaasdfs", "tipo": "TEX", "tipoItem": [8]}}, {"pk": 1, "model": "items.item", "fields": {"tiempo": 8, "tipo": null, "tipo_item": 2, "fecha_creacion": "2014-10-11", "costo": 6, "version": 1, "fecha_mod": "2014-10-11", "descripcion": "dnfo", "nombre": "item1", "lineaBase": 1, "estado": "FIN", "relacion": null, "fase": 1}}, {"pk": 2, "model": "items.item", "fields": {"tiempo": 6, "tipo": null, "tipo_item": 2, "fecha_creacion": "2014-10-11", "costo": 4, "version": 1, "fecha_mod": "2014-10-11", "descripcion": "asdfi", "nombre": "item1", "lineaBase": 1, "estado": "FIN", "relacion": null, "fase": 1}}, {"pk": 3, "model": "items.item", "fields": {"tiempo": 7, "tipo": "Sucesor", "tipo_item": 3, "fecha_creacion": "2014-10-11", "costo": 5, "version": 1, "fecha_mod": "2014-10-11", "descripcion": "sfd", "nombre": "item1543", "lineaBase": null, "estado": "PEN", "relacion": 1, "fase": 2}}, {"pk": 4, "model": "items.item", "fields": {"tiempo": 7, "tipo": "Sucesor", "tipo_item": 3, "fecha_creacion": "2014-10-11", "costo": 5, "version": 1, "fecha_mod": "2014-10-11", "descripcion": "sfd", "nombre": "item1543", "lineaBase": null, "estado": "ANU", "relacion": 1, "fase": 2}}, {"pk": 5, "model": "items.item", "fields": {"tiempo": 7, "tipo": "Sucesor", "tipo_item": 3, "fecha_creacion": "2014-10-11", "costo": 5, "version": 1, "fecha_mod": "2014-10-11", "descripcion": "sfd", "nombre": "item1543", "lineaBase": null, "estado": "VAL", "relacion": 1, "fase": 2}}, {"pk": 6, "model": "items.item", "fields": {"tiempo": 70, "tipo": null, "tipo_item": 6, "fecha_creacion": "2014-11-19", "costo": 4, "version": 8, "fecha_mod": "2014-11-19", "descripcion": "descripcion", "nombre": "item1", "lineaBase": 3, "estado": "FIN", "relacion": null, "fase": 4}}, {"pk": 7, "model": "items.item", "fields": {"tiempo": 45, "tipo": "Hijo", "tipo_item": 6, "fecha_creacion": "2014-11-19", "costo": 8, "version": 1, "fecha_mod": "2014-11-19", "descripcion": "asdf", "nombre": "hijitp", "lineaBase": null, "estado": "ANU", "relacion": 6, "fase": 4}}, {"pk": 8, "model": "items.item", "fields": {"tiempo": 5, "tipo": "Sucesor", "tipo_item": 7, "fecha_creacion": "2014-11-19", "costo": 4, "version": 1, "fecha_mod": "2014-11-19", "descripcion": "dsfds", "nombre": "trwd", "lineaBase": null, "estado": "ANU", "relacion": 6, "fase": 5}}, {"pk": 9, "model": "items.item", "fields": {"tiempo": 5, "tipo": "Sucesor", "tipo_item": 7, "fecha_creacion": "2014-11-20", "costo": 1, "version": 2, "fecha_mod": "2014-11-20", "descripcion": "asdfe", "nombre": "adsf", "lineaBase": 5, "estado": "FIN", "relacion": 6, "fase": 5}}, {"pk": 10, "model": "items.item", "fields": {"tiempo": 45, "tipo": "Sucesor", "tipo_item": 8, "fecha_creacion": "2014-11-20", "costo": 3, "version": 1, "fecha_mod": "2014-11-20", "descripcion": "asdfas", "nombre": "item1", "lineaBase": null, "estado": "ANU", "relacion": 9, "fase": 6}}, {"pk": 11, "model": "items.item", "fields": {"tiempo": 5, "tipo": "Sucesor", "tipo_item": 8, "fecha_creacion": "2014-11-20", "costo": 3, "version": 1, "fecha_mod": "2014-11-20", "descripcion": "asdfas", "nombre": "asdfo", "lineaBase": 6, "estado": "FIN", "relacion": 9, "fase": 6}}, {"pk": 1, "model": "items.versionitem", "fields": {"id_item": 2, "tiempo": 6, "tipo": null, "tipo_item": 2, "costo": 4, "version": 1, "fecha_mod": "2014-10-11", "descripcion": "asdfi", "nombre": "item1", "lineaBase": null, "estado": "VAL", "relacion": null, "fase": 1}}, {"pk": 2, "model": "items.versionitem", "fields": {"id_item": 1, "tiempo": 8, "tipo": null, "tipo_item": 2, "costo": 6, "version": 1, "fecha_mod": "2014-10-11", "descripcion": "dnfo", "nombre": "item1", "lineaBase": null, "estado": "VAL", "relacion": null, "fase": 1}}, {"pk": 3, "model": "items.versionitem", "fields": {"id_item": 6, "tiempo": 70, "tipo": null, "tipo_item": 6, "costo": 4, "version": 1, "fecha_mod": "2014-11-19", "descripcion": "descripcion", "nombre": "item1", "lineaBase": null, "estado": "PEN", "relacion": null, "fase": 4}}, {"pk": 4, "model": "items.versionitem", "fields": {"id_item": 6, "tiempo": 70, "tipo": null, "tipo_item": 6, "costo": 4, "version": 2, "fecha_mod": "2014-11-19", "descripcion": "descripcion", "nombre": "item123", "lineaBase": null, "estado": "PEN", "relacion": null, "fase": 4}}, {"pk": 5, "model": "items.versionitem", "fields": {"id_item": 6, "tiempo": 70, "tipo": null, "tipo_item": 6, "costo": 5, "version": 3, "fecha_mod": "2014-11-19", "descripcion": "descripcionasdfasdf", "nombre": "item123", "lineaBase": null, "estado": "PEN", "relacion": null, "fase": 4}}, {"pk": 6, "model": "items.versionitem", "fields": {"id_item": 6, "tiempo": 70, "tipo": null, "tipo_item": 6, "costo": 5, "version": 4, "fecha_mod": "2014-11-19", "descripcion": "descripcionasdfasdf", "nombre": "item123", "lineaBase": null, "estado": "PEN", "relacion": null, "fase": 4}}, {"pk": 7, "model": "items.versionitem", "fields": {"id_item": 6, "tiempo": 70, "tipo": null, "tipo_item": 6, "costo": 4, "version": 5, "fecha_mod": "2014-11-19", "descripcion": "descripcion", "nombre": "item1", "lineaBase": null, "estado": "PEN", "relacion": null, "fase": 4}}, {"pk": 8, "model": "items.versionitem", "fields": {"id_item": 6, "tiempo": 70, "tipo": null, "tipo_item": 6, "costo": 4, "version": 6, "fecha_mod": "2014-11-19", "descripcion": "descripcion", "nombre": "item1", "lineaBase": null, "estado": "PEN", "relacion": null, "fase": 4}}, {"pk": 9, "model": "items.versionitem", "fields": {"id_item": 6, "tiempo": 70, "tipo": null, "tipo_item": 6, "costo": 4, "version": 7, "fecha_mod": "2014-11-19", "descripcion": "descripcion", "nombre": "item1", "lineaBase": null, "estado": "VAL", "relacion": null, "fase": 4}}, {"pk": 10, "model": "items.versionitem", "fields": {"id_item": 6, "tiempo": 70, "tipo": null, "tipo_item": 6, "costo": 4, "version": 7, "fecha_mod": "2014-11-20", "descripcion": "descripcion", "nombre": "item1", "lineaBase": 2, "estado": "CON", "relacion": null, "fase": 4}}, {"pk": 11, "model": "items.versionitem", "fields": {"id_item": 9, "tiempo": 5, "tipo": "Sucesor", "tipo_item": 7, "costo": 1, "version": 1, "fecha_mod": "2014-11-20", "descripcion": "asdfe", "nombre": "adsf", "lineaBase": null, "estado": "VAL", "relacion": 6, "fase": 5}}, {"pk": 12, "model": "items.versionitem", "fields": {"id_item": 9, "tiempo": 5, "tipo": "Sucesor", "tipo_item": 7, "costo": 1, "version": 1, "fecha_mod": "2014-11-20", "descripcion": "asdfe", "nombre": "adsf", "lineaBase": 4, "estado": "CON", "relacion": 6, "fase": 5}}, {"pk": 13, "model": "items.versionitem", "fields": {"id_item": 11, "tiempo": 5, "tipo": "Sucesor", "tipo_item": 8, "costo": 3, "version": 1, "fecha_mod": "2014-11-20", "descripcion": "asdfas", "nombre": "asdfo", "lineaBase": null, "estado": "VAL", "relacion": 9, "fase": 6}}, {"pk": 1, "model": "items.archivo", "fields": {"id_item": 5, "nombre": "", "archivo": "archivos/ic24.pdf"}}, {"pk": 2, "model": "items.archivo", "fields": {"id_item": 6, "nombre": "", "archivo": "archivos/descarga.jpg"}}, {"pk": 3, "model": "items.archivo", "fields": {"id_item": 6, "nombre": "", "archivo": "archivos/httpd.conf"}}, {"pk": 4, "model": "items.archivo", "fields": {"id_item": 7, "nombre": "", "archivo": "archivos/L_E_Y__438.pdf"}}, {"pk": 5, "model": "items.archivo", "fields": {"id_item": 8, "nombre": "", "archivo": "archivos/20140618_165754.jpg"}}, {"pk": 1, "model": "items.atributoitem", "fields": {"id_item": 5, "id_atributo": 3, "version": 1, "valor": "ads"}}, {"pk": 2, "model": "items.atributoitem", "fields": {"id_item": 6, "id_atributo": 1, "version": 1, "valor": "60hihihi"}}, {"pk": 3, "model": "items.atributoitem", "fields": {"id_item": 6, "id_atributo": 4, "version": 1, "valor": "13/02/2015"}}, {"pk": 4, "model": "items.atributoitem", "fields": {"id_item": 7, "id_atributo": 1, "version": 1, "valor": "6000"}}, {"pk": 5, "model": "items.atributoitem", "fields": {"id_item": 7, "id_atributo": 4, "version": 1, "valor": "13/02/2015"}}, {"pk": 6, "model": "items.atributoitem", "fields": {"id_item": 8, "id_atributo": 6, "version": 1, "valor": "valor"}}, {"pk": 7, "model": "items.atributoitem", "fields": {"id_item": 8, "id_atributo": 7, "version": 1, "valor": "123412"}}, {"pk": 8, "model": "items.atributoitem", "fields": {"id_item": 9, "id_atributo": 6, "version": 1, "valor": "valor"}}, {"pk": 9, "model": "items.atributoitem", "fields": {"id_item": 9, "id_atributo": 7, "version": 1, "valor": "123412"}}, {"pk": 10, "model": "items.atributoitem", "fields": {"id_item": 10, "id_atributo": 8, "version": 1, "valor": "adsfaasdfs"}}, {"pk": 11, "model": "items.atributoitem", "fields": {"id_item": 11, "id_atributo": 8, "version": 1, "valor": "adsfaasdfs"}}, {"pk": 1, "model": "lineaBase.lineabase", "fields": {"nombre": "1", "activo": true, "estado": "C", "fase": 1}}, {"pk": 2, "model": "lineaBase.lineabase", "fields": {"nombre": "linea1", "activo": true, "estado": "ROTA", "fase": 4}}, {"pk": 3, "model": "lineaBase.lineabase", "fields": {"nombre": "linea1 Nueva", "activo": true, "estado": "CERRADA", "fase": 4}}, {"pk": 4, "model": "lineaBase.lineabase", "fields": {"nombre": "lb1", "activo": true, "estado": "ROTA", "fase": 5}}, {"pk": 5, "model": "lineaBase.lineabase", "fields": {"nombre": "lb1 Nueva", "activo": true, "estado": "CERRADA", "fase": 5}}, {"pk": 6, "model": "lineaBase.lineabase", "fields": {"nombre": "amosdfn", "activo": true, "estado": "C", "fase": 6}}, {"pk": 1, "model": "auth.permission", "fields": {"codename": "add_logentry", "name": "Can add log entry", "content_type": 1}}, {"pk": 2, "model": "auth.permission", "fields": {"codename": "change_logentry", "name": "Can change log entry", "content_type": 1}}, {"pk": 3, "model": "auth.permission", "fields": {"codename": "delete_logentry", "name": "Can delete log entry", "content_type": 1}}, {"pk": 4, "model": "auth.permission", "fields": {"codename": "add_permission", "name": "Can add permission", "content_type": 2}}, {"pk": 5, "model": "auth.permission", "fields": {"codename": "change_permission", "name": "Can change permission", "content_type": 2}}, {"pk": 6, "model": "auth.permission", "fields": {"codename": "delete_permission", "name": "Can delete permission", "content_type": 2}}, {"pk": 7, "model": "auth.permission", "fields": {"codename": "add_group", "name": "Can add group", "content_type": 3}}, {"pk": 8, "model": "auth.permission", "fields": {"codename": "change_group", "name": "Can change group", "content_type": 3}}, {"pk": 9, "model": "auth.permission", "fields": {"codename": "delete_group", "name": "Can delete group", "content_type": 3}}, {"pk": 10, "model": "auth.permission", "fields": {"codename": "add_user", "name": "Can add user", "content_type": 4}}, {"pk": 11, "model": "auth.permission", "fields": {"codename": "change_user", "name": "Can change user", "content_type": 4}}, {"pk": 12, "model": "auth.permission", "fields": {"codename": "delete_user", "name": "Can delete user", "content_type": 4}}, {"pk": 13, "model": "auth.permission", "fields": {"codename": "add_contenttype", "name": "Can add content type", "content_type": 5}}, {"pk": 14, "model": "auth.permission", "fields": {"codename": "change_contenttype", "name": "Can change content type", "content_type": 5}}, {"pk": 15, "model": "auth.permission", "fields": {"codename": "delete_contenttype", "name": "Can delete content type", "content_type": 5}}, {"pk": 16, "model": "auth.permission", "fields": {"codename": "add_session", "name": "Can add session", "content_type": 6}}, {"pk": 17, "model": "auth.permission", "fields": {"codename": "change_session", "name": "Can change session", "content_type": 6}}, {"pk": 18, "model": "auth.permission", "fields": {"codename": "delete_session", "name": "Can delete session", "content_type": 6}}, {"pk": 19, "model": "auth.permission", "fields": {"codename": "add_perfiles", "name": "Can add perfiles", "content_type": 7}}, {"pk": 20, "model": "auth.permission", "fields": {"codename": "change_perfiles", "name": "Can change perfiles", "content_type": 7}}, {"pk": 21, "model": "auth.permission", "fields": {"codename": "delete_perfiles", "name": "Can delete perfiles", "content_type": 7}}, {"pk": 22, "model": "auth.permission", "fields": {"codename": "add_proyecto", "name": "Can add proyecto", "content_type": 8}}, {"pk": 23, "model": "auth.permission", "fields": {"codename": "change_proyecto", "name": "Can change proyecto", "content_type": 8}}, {"pk": 24, "model": "auth.permission", "fields": {"codename": "delete_proyecto", "name": "Can delete proyecto", "content_type": 8}}, {"pk": 25, "model": "auth.permission", "fields": {"codename": "add_rol", "name": "Can add rol", "content_type": 9}}, {"pk": 26, "model": "auth.permission", "fields": {"codename": "change_rol", "name": "Can change rol", "content_type": 9}}, {"pk": 27, "model": "auth.permission", "fields": {"codename": "delete_rol", "name": "Can delete rol", "content_type": 9}}, {"pk": 28, "model": "auth.permission", "fields": {"codename": "add_fase", "name": "Can add fase", "content_type": 10}}, {"pk": 29, "model": "auth.permission", "fields": {"codename": "change_fase", "name": "Can change fase", "content_type": 10}}, {"pk": 30, "model": "auth.permission", "fields": {"codename": "delete_fase", "name": "Can delete fase", "content_type": 10}}, {"pk": 31, "model": "auth.permission", "fields": {"codename": "add_tipoitem", "name": "Can add tipo item", "content_type": 11}}, {"pk": 32, "model": "auth.permission", "fields": {"codename": "change_tipoitem", "name": "Can change tipo item", "content_type": 11}}, {"pk": 33, "model": "auth.permission", "fields": {"codename": "delete_tipoitem", "name": "Can delete tipo item", "content_type": 11}}, {"pk": 34, "model": "auth.permission", "fields": {"codename": "add_atributo", "name": "Can add atributo", "content_type": 12}}, {"pk": 35, "model": "auth.permission", "fields": {"codename": "change_atributo", "name": "Can change atributo", "content_type": 12}}, {"pk": 36, "model": "auth.permission", "fields": {"codename": "delete_atributo", "name": "Can delete atributo", "content_type": 12}}, {"pk": 37, "model": "auth.permission", "fields": {"codename": "add_item", "name": "Can add item", "content_type": 13}}, {"pk": 38, "model": "auth.permission", "fields": {"codename": "change_item", "name": "Can change item", "content_type": 13}}, {"pk": 39, "model": "auth.permission", "fields": {"codename": "delete_item", "name": "Can delete item", "content_type": 13}}, {"pk": 40, "model": "auth.permission", "fields": {"codename": "add_versionitem", "name": "Can add version item", "content_type": 14}}, {"pk": 41, "model": "auth.permission", "fields": {"codename": "change_versionitem", "name": "Can change version item", "content_type": 14}}, {"pk": 42, "model": "auth.permission", "fields": {"codename": "delete_versionitem", "name": "Can delete version item", "content_type": 14}}, {"pk": 43, "model": "auth.permission", "fields": {"codename": "add_archivo", "name": "Can add archivo", "content_type": 15}}, {"pk": 44, "model": "auth.permission", "fields": {"codename": "change_archivo", "name": "Can change archivo", "content_type": 15}}, {"pk": 45, "model": "auth.permission", "fields": {"codename": "delete_archivo", "name": "Can delete archivo", "content_type": 15}}, {"pk": 46, "model": "auth.permission", "fields": {"codename": "add_atributoitem", "name": "Can add atributo item", "content_type": 16}}, {"pk": 47, "model": "auth.permission", "fields": {"codename": "change_atributoitem", "name": "Can change atributo item", "content_type": 16}}, {"pk": 48, "model": "auth.permission", "fields": {"codename": "delete_atributoitem", "name": "Can delete atributo item", "content_type": 16}}, {"pk": 49, "model": "auth.permission", "fields": {"codename": "add_versionatributoitem", "name": "Can add version atributo item", "content_type": 17}}, {"pk": 50, "model": "auth.permission", "fields": {"codename": "change_versionatributoitem", "name": "Can change version atributo item", "content_type": 17}}, {"pk": 51, "model": "auth.permission", "fields": {"codename": "delete_versionatributoitem", "name": "Can delete version atributo item", "content_type": 17}}, {"pk": 52, "model": "auth.permission", "fields": {"codename": "add_lineabase", "name": "Can add linea base", "content_type": 18}}, {"pk": 53, "model": "auth.permission", "fields": {"codename": "change_lineabase", "name": "Can change linea base", "content_type": 18}}, {"pk": 54, "model": "auth.permission", "fields": {"codename": "delete_lineabase", "name": "Can delete linea base", "content_type": 18}}, {"pk": 55, "model": "auth.permission", "fields": {"codename": "add_solicitud", "name": "Can add solicitud", "content_type": 19}}, {"pk": 56, "model": "auth.permission", "fields": {"codename": "change_solicitud", "name": "Can change solicitud", "content_type": 19}}, {"pk": 57, "model": "auth.permission", "fields": {"codename": "delete_solicitud", "name": "Can delete solicitud", "content_type": 19}}, {"pk": 58, "model": "auth.permission", "fields": {"codename": "add_voto", "name": "Can add voto", "content_type": 20}}, {"pk": 59, "model": "auth.permission", "fields": {"codename": "change_voto", "name": "Can change voto", "content_type": 20}}, {"pk": 60, "model": "auth.permission", "fields": {"codename": "delete_voto", "name": "Can delete voto", "content_type": 20}}, {"pk": 61, "model": "auth.permission", "fields": {"codename": "add_itemsarevision", "name": "Can add items a revision", "content_type": 21}}, {"pk": 62, "model": "auth.permission", "fields": {"codename": "change_itemsarevision", "name": "Can change items a revision", "content_type": 21}}, {"pk": 63, "model": "auth.permission", "fields": {"codename": "delete_itemsarevision", "name": "Can delete items a revision", "content_type": 21}}, {"pk": 1, "model": "auth.group", "fields": {"name": "Lider", "permissions": [1, 2, 3, 7, 8, 9, 4, 5, 6, 10, 11, 12, 13, 14, 15, 28, 29, 30, 19, 20, 21, 43, 44, 45, 46, 47, 48, 37, 38, 39, 49, 50, 51, 40, 41, 42, 52, 53, 54, 22, 23, 24, 25, 26, 27, 16, 17, 18, 61, 62, 63, 55, 56, 57, 58, 59, 60, 34, 35, 36, 31, 32, 33]}}, {"pk": 2, "model": "auth.group", "fields": {"name": "todos", "permissions": [1, 2, 3, 7, 8, 9, 4, 5, 6, 10, 11, 12, 13, 14, 15, 28, 29, 30, 19, 20, 21, 43, 44, 45, 46, 47, 48, 37, 38, 39, 49, 50, 51, 40, 41, 42, 52, 53, 54, 22, 23, 24, 25, 26, 27, 16, 17, 18, 61, 62, 63, 55, 56, 57, 58, 59, 60, 34, 35, 36, 31, 32, 33]}}, {"pk": 3, "model": "auth.group", "fields": {"name": "tipo item", "permissions": [55, 56, 57, 58, 59, 60, 34, 35, 36, 31, 32, 33]}}, {"pk": 4, "model": "auth.group", "fields": {"name": "otros", "permissions": [2, 3, 7, 8, 9, 4, 5, 6, 10, 11, 12, 13, 14, 15, 28, 29, 30, 19, 20, 21, 43, 44, 45, 46, 47, 48, 37, 38, 39, 49, 50, 51, 40, 41, 42, 52, 53, 54, 22, 23, 24, 25, 26, 27, 16, 17, 18, 61, 62, 63, 55, 56, 57, 58, 59, 60, 34, 35, 36, 31, 32]}}, {"pk": 5, "model": "auth.group", "fields": {"name": "add y change item", "permissions": [40, 41]}}, {"pk": 6, "model": "auth.group", "fields": {"name": "delete item", "permissions": [39]}}, {"pk": 7, "model": "auth.group", "fields": {"name": "change item", "permissions": [38]}}, {"pk": 8, "model": "auth.group", "fields": {"name": "todo", "permissions": [1, 2, 3, 7, 8, 9, 4, 5, 6, 10, 11, 12, 13, 14, 15, 28, 29, 30, 19, 20, 21, 43, 44, 45, 46, 47, 48, 37, 38, 39, 49, 50, 51, 40, 41, 42, 52, 53, 54, 22, 23, 24, 25, 26, 27, 16, 17, 18, 61, 62, 63, 55, 56, 57, 58, 59, 60, 34, 35, 36, 31, 32, 33]}}, {"pk": 9, "model": "auth.group", "fields": {"name": "todito", "permissions": [1, 2, 3, 7, 8, 9, 4, 5, 6, 10, 11, 12, 13, 14, 15, 28, 29, 30, 19, 20, 21, 43, 44, 45, 46, 47, 48, 37, 38, 39, 49, 50, 51, 40, 41, 42, 52, 53, 54, 22, 23, 24, 25, 26, 27, 16, 17, 18, 61, 62, 63, 55, 56, 57, 58, 59, 60, 34, 35, 36, 31, 32, 33]}}, {"pk": 10, "model": "auth.group", "fields": {"name": "add item", "permissions": [37]}}, {"pk": 11, "model": "auth.group", "fields": {"name": "todosss", "permissions": [1, 2, 3, 7, 8, 9, 4, 5, 6, 10, 11, 12, 13, 14, 15, 28, 29, 30, 19, 20, 21, 43, 44, 45, 46, 47, 48, 37, 38, 39, 49, 50, 51, 40, 41, 42, 52, 53, 54, 22, 23, 24, 25, 26, 27, 16, 17, 18, 61, 62, 63, 55, 56, 57, 58, 59, 60, 34, 35, 36, 31, 32, 33]}}, {"pk": 1, "model": "auth.user", "fields": {"username": "admin", "first_name": "Administrador", "last_name": "Supremo", "is_active": true, "is_superuser": true, "is_staff": true, "last_login": "2014-11-20T20:31:57.058Z", "groups": [1, 3, 4, 5, 11], "user_permissions": [], "password": "pbkdf2_sha256$12000$lhh0lEjVyW7c$Ls+oey6A7PmsWNNs3YMqWVWCzS/s9ElHdrhyMrnhUZ4=", "email": "avi.alvarenga5@gmail.com", "date_joined": "2014-10-05T21:48:36Z"}}, {"pk": 2, "model": "auth.user", "fields": {"username": "juani", "first_name": "Juan", "last_name": "Perez", "is_active": true, "is_superuser": false, "is_staff": true, "last_login": "2014-11-20T18:05:53.469Z", "groups": [3, 9], "user_permissions": [], "password": "pbkdf2_sha256$12000$F2UHICKgRb1y$Dr80QEUJVlEqcwHeJcdMwlzDdUijnwc/9jUzxWOMRNs=", "email": "avi.alvarenga5@gmail.com", "date_joined": "2014-10-05T22:04:18.025Z"}}, {"pk": 3, "model": "auth.user", "fields": {"username": "avi", "first_name": "Avi", "last_name": "Alvarenga", "is_active": true, "is_superuser": true, "is_staff": true, "last_login": "2014-11-20T21:58:58.331Z", "groups": [1, 2, 4, 11], "user_permissions": [], "password": "pbkdf2_sha256$12000$Wu06jgerR6CF$BPzZSgyC9nOoKqBN35NH0rgCq92uh4gQWE8QvkSoiYM=", "email": "avi.alvarenga5@gmail.com", "date_joined": "2014-10-11T23:30:09.120Z"}}, {"pk": 4, "model": "auth.user", "fields": {"username": "Pedro", "first_name": "Pedro", "last_name": "Zarate", "is_active": true, "is_superuser": false, "is_staff": true, "last_login": "2014-11-20T20:29:28.905Z", "groups": [1, 3, 11], "user_permissions": [], "password": "pbkdf2_sha256$12000$GxUFVhsL75mn$ka/Og4AfivUSkz/ZRLXyH1zIYMyBL8dSc7h0TSFvRq4=", "email": "avi.alvarenga5@gmail.com", "date_joined": "2014-10-11T23:30:59.399Z"}}, {"pk": 5, "model": "auth.user", "fields": {"username": "Lucas", "first_name": "Lucas", "last_name": "Martinez", "is_active": true, "is_superuser": false, "is_staff": true, "last_login": "2014-11-19T18:28:59.833Z", "groups": [], "user_permissions": [], "password": "pbkdf2_sha256$12000$vRHzNpmfu2Zc$RGzHdwUhYeU8vBqVxmCFGahKnk9u/H1Q1ldPKgFrLDI=", "email": "avi.alvarenga5@gmail.com", "date_joined": "2014-11-19T18:28:59.834Z"}}, {"pk": 6, "model": "auth.user", "fields": {"username": "Marcel", "first_name": "Marcelo", "last_name": "Sanchez", "is_active": true, "is_superuser": false, "is_staff": true, "last_login": "2014-11-19T18:30:18.211Z", "groups": [11], "user_permissions": [], "password": "pbkdf2_sha256$12000$jFnFRqF0fpeh$zCzM3fCUvXM6iC7RP/XQoRFpqu9912YrbZFoTBbQHLo=", "email": "avi.alvarenga5@gmail.com", "date_joined": "2014-11-19T18:30:18.211Z"}}, {"pk": 7, "model": "auth.user", "fields": {"username": "Tomi", "first_name": "Tomasa", "last_name": "Concepcion", "is_active": true, "is_superuser": false, "is_staff": true, "last_login": "2014-11-19T18:31:05.523Z", "groups": [1], "user_permissions": [], "password": "pbkdf2_sha256$12000$Z1QiK5yMEraN$PJTBz2EYK0SezVxK0FyPyh02/oYt6K2rJ2A8wq0FBrs=", "email": "avi.alvarenga5@gmail.com", "date_joined": "2014-11-19T18:31:05.523Z"}}, {"pk": 8, "model": "auth.user", "fields": {"username": "Avelina", "first_name": "Avelina", "last_name": "Alvarenga", "is_active": true, "is_superuser": false, "is_staff": true, "last_login": "2014-11-20T18:05:33.911Z", "groups": [7, 10], "user_permissions": [], "password": "pbkdf2_sha256$12000$VWq43Ii05dw3$ecqz6e9rJETcUTC4X2Wg7h8tUdaMsiefCpwB1+i7ohQ=", "email": "avi.alvarenga5@gmail.com", "date_joined": "2014-11-19T18:34:42.655Z"}}, {"pk": 9, "model": "auth.user", "fields": {"username": "Vivi", "first_name": "Viviana", "last_name": "Centurion", "is_active": true, "is_superuser": false, "is_staff": true, "last_login": "2014-11-20T20:29:07.116Z", "groups": [8, 11], "user_permissions": [], "password": "pbkdf2_sha256$12000$K463uOU2BIxa$7p+eRkLZnNwB2rAJnvIfxHvtiWuPfvJOo414ug6RC7s=", "email": "avi.alvarenga5@gmail.com", "date_joined": "2014-11-19T18:35:23.757Z"}}, {"pk": 10, "model": "auth.user", "fields": {"username": "Monse", "first_name": "Monserrat", "last_name": "Quevedo", "is_active": true, "is_superuser": false, "is_staff": true, "last_login": "2014-11-19T18:37:52.210Z", "groups": [6], "user_permissions": [], "password": "pbkdf2_sha256$12000$JxHr0rGzKTnp$QrY/LeUqSOPoX6rTQsCUhNnlS8kpC3zEWadJaiNyRdI=", "email": "avi.alvarenga5@gmail.com", "date_joined": "2014-11-19T18:37:52.210Z"}}, {"pk": 1, "model": "inicio.perfiles", "fields": {"lider": true, "direccion": "tu direccion", "telefono": 9809, "usuario": 1}}, {"pk": 2, "model": "inicio.perfiles", "fields": {"lider": true, "direccion": "San Lorenzo", "telefono": 575655941, "usuario": 2}}, {"pk": 3, "model": "inicio.perfiles", "fields": {"lider": true, "direccion": "San Lorenzo", "telefono": 10313432, "usuario": 3}}, {"pk": 4, "model": "inicio.perfiles", "fields": {"lider": true, "direccion": "Luque", "telefono": 840954089, "usuario": 4}}, {"pk": 5, "model": "inicio.perfiles", "fields": {"lider": true, "direccion": "San Lorenzo", "telefono": 984942809, "usuario": 5}}, {"pk": 6, "model": "inicio.perfiles", "fields": {"lider": true, "direccion": "Luque", "telefono": 981231231, "usuario": 6}}, {"pk": 7, "model": "inicio.perfiles", "fields": {"lider": true, "direccion": "Capiata", "telefono": 982520138, "usuario": 7}}, {"pk": 8, "model": "inicio.perfiles", "fields": {"lider": true, "direccion": "San Lorenzo", "telefono": 982520138, "usuario": 8}}, {"pk": 9, "model": "inicio.perfiles", "fields": {"lider": true, "direccion": "Carapegua", "telefono": 98123412, "usuario": 9}}, {"pk": 10, "model": "inicio.perfiles", "fields": {"lider": true, "direccion": "Asuncion", "telefono": 991911911, "usuario": 10}}, {"pk": 1, "model": "proyectos.proyecto", "fields": {"observaciones": "sdfg", "fecha_fin": "2015-12-07", "lider": 3, "fecha_ini": "2014-10-17", "descripcion": "afg", "nombre": "Omega", "fecha_fin_real": null, "comite": [1, 2, 3], "estado": "ACT"}}, {"pk": 2, "model": "proyectos.proyecto", "fields": {"observaciones": "......", "fecha_fin": "2016-10-13", "lider": 1, "fecha_ini": "2014-11-19", "descripcion": "aca va la descripcion del proyecto", "nombre": "Tita", "fecha_fin_real": "2014-12-20", "comite": [9, 4, 1], "estado": "FIN"}}, {"pk": 3, "model": "proyectos.proyecto", "fields": {"observaciones": "......", "fecha_fin": "2017-10-13", "lider": 4, "fecha_ini": "2015-11-19", "descripcion": "aca va la descripcion del proyecto", "nombre": "Tita2", "fecha_fin_real": null, "comite": [9, 10, 5, 6], "estado": "PEN"}}, {"pk": 1, "model": "fases.fase", "fields": {"orden": 1, "roles": [2, 3], "fCreacion": "2014-10-11", "fInicio": "2014-10-17", "maxItems": 2, "proyecto": 1, "descripcion": "sdnfo", "nombre": "fase1", "estado": "EJE"}}, {"pk": 2, "model": "fases.fase", "fields": {"orden": 2, "roles": [4], "fCreacion": "2014-10-11", "fInicio": "2014-11-06", "maxItems": 3, "proyecto": 1, "descripcion": "asdfads", "nombre": "fase2", "estado": "EJE"}}, {"pk": 4, "model": "fases.fase", "fields": {"orden": 1, "roles": [5, 6, 7, 8], "fCreacion": "2014-11-20", "fInicio": "2014-11-20", "maxItems": 5, "proyecto": 2, "descripcion": "descripcion aca", "nombre": "fase1", "estado": "FIN"}}, {"pk": 5, "model": "fases.fase", "fields": {"orden": 2, "roles": [9, 10], "fCreacion": "2014-11-20", "fInicio": "2014-12-20", "maxItems": 4, "proyecto": 2, "descripcion": "descripcioon", "nombre": "fase2", "estado": "FIN"}}, {"pk": 6, "model": "fases.fase", "fields": {"orden": 3, "roles": [11], "fCreacion": "2014-11-20", "fInicio": "2015-01-03", "maxItems": 3, "proyecto": 2, "descripcion": "descripcion", "nombre": "fase3", "estado": "FIN"}}, {"pk": 2, "model": "solicitudes.solicitud", "fields": {"tiempo": 75, "usuario": 1, "fecha": "2014-11-20", "costo": 5, "item": 6, "proyecto": 2, "descripcion": "aweof asdkfasdiof", "nombre": "asdfnaosdno", "estado": "EJECUTADA"}}, {"pk": 3, "model": "solicitudes.solicitud", "fields": {"tiempo": 50, "usuario": 1, "fecha": "2014-11-20", "costo": 4, "item": 9, "proyecto": 2, "descripcion": "aewrnasdfoi", "nombre": "asdfnaosd", "estado": "EJECUTADA"}}, {"pk": 4, "model": "solicitudes.solicitud", "fields": {"tiempo": 50, "usuario": 1, "fecha": "2014-11-20", "costo": 4, "item": 9, "proyecto": 2, "descripcion": "asdfasd", "nombre": "nasdfo", "estado": "RECHAZADA"}}, {"pk": 7, "model": "solicitudes.voto", "fields": {"voto": "APROBAR", "usuario": 1, "solicitud": 2}}, {"pk": 8, "model": "solicitudes.voto", "fields": {"voto": "APROBAR", "usuario": 4, "solicitud": 2}}, {"pk": 9, "model": "solicitudes.voto", "fields": {"voto": "APROBAR", "usuario": 9, "solicitud": 2}}, {"pk": 10, "model": "solicitudes.voto", "fields": {"voto": "APROBAR", "usuario": 1, "solicitud": 3}}, {"pk": 11, "model": "solicitudes.voto", "fields": {"voto": "APROBAR", "usuario": 9, "solicitud": 3}}, {"pk": 12, "model": "solicitudes.voto", "fields": {"voto": "APROBAR", "usuario": 4, "solicitud": 3}}, {"pk": 13, "model": "solicitudes.voto", "fields": {"voto": "RECHAZAR", "usuario": 1, "solicitud": 4}}, {"pk": 14, "model": "solicitudes.voto", "fields": {"voto": "RECHAZAR", "usuario": 9, "solicitud": 4}}, {"pk": 15, "model": "solicitudes.voto", "fields": {"voto": "APROBAR", "usuario": 4, "solicitud": 4}}, {"pk": 1, "model": "admin.logentry", "fields": {"action_flag": 2, "action_time": "2014-10-05T22:00:14.750Z", "object_repr": "admin", "object_id": "1", "change_message": "Modificado/a first_name y last_name.", "user": 1, "content_type": 4}}, {"pk": 2, "model": "admin.logentry", "fields": {"action_flag": 1, "action_time": "2014-10-05T22:00:36.627Z", "object_repr": "admin", "object_id": "1", "change_message": "", "user": 1, "content_type": 7}}]